Generation,FamilyID,M2BW_PD00,SurRate_PD00,gAnimalEBV_PD00,sAnimalEBV_PD00,gStdAnimalEBV_PD00,sStdAnimalEBV_PD00,gStdAnimalEBV,sStdAnimalEBV,SelIndex,FamilyClass,SireID,DamID,EnvLabel,TankID,M2Age2,M1BW,M2BW,ADG,M2BL,gAnimalEBV,SurRate,sAnimalEBV,sReSurRate,Inbreeding,M2BWAllEnvs
G02,MRYGY18G0201073,30.67434555,0.637102967,3.933940197,0.1058133,0.499328997,0.50167726,0.499328997,0.50167726,61.57564416,BF,MRYGY17G010A178,MRYGY17G010A804,PD00,P10,160,0.83,27.67857143,0.253571429,9.92244898,3.435743649,0.653333333,0.1058133,0.510546805,0,30.67434555
G02,MRYGY18G0201073,30.67434555,0.637102967,3.933940197,0.1058133,0.499328997,0.50167726,0.499328997,0.50167726,61.57564416,BF,MRYGY17G010A178,MRYGY17G010A804,PD00,P11,146,1.24,33.8311828,0.354516129,10.80107527,4.458921505,0.62,0.1058133,0.510546805,0,30.67434555
G02,MRYGY18G0201074,33.61090047,0.716619273,5.295783886,0.0718098,0.50121457,0.500323951,0.50121457,0.500323951,66.70439595,BF,MRYGY17G010A178,MRYGY17G010B096,PD00,P10,158,0.98,37.37802198,0.343406593,11.1010989,5.592401099,0.606666667,0.0718098,0.496982629,0,33.61090047
G02,MRYGY18G0201074,33.61090047,0.716619273,5.295783886,0.0718098,0.50121457,0.500323951,0.50121457,0.500323951,66.70439595,BF,MRYGY17G010A178,MRYGY17G010B096,PD00,P11,144,1.05,30.75416667,0.322833333,10.35166667,5.070849167,0.8,0.0718098,0.496982629,0,33.61090047
G02,MRYGY18G0201075,35.1265896,0.576685934,6.304742775,-0.0077005,0.502611531,0.497159528,0.502611531,0.497159528,66.86458888,BF,MRYGY17G010A178,MRYGY17G010E703,PD00,P10,155,1.27,36.83953488,0.33872093,10.97906977,6.345460465,0.573333333,-0.0077005,0.465306425,0.03125,35.1265896
G02,MRYGY18G0201075,35.1265896,0.576685934,6.304742775,-0.0077005,0.502611531,0.497159528,0.502611531,0.497159528,66.86458888,BF,MRYGY17G010A178,MRYGY17G010E703,PD00,P11,141,1.08,33.43333333,0.355862069,10.73333333,6.264493103,0.58,-0.0077005,0.465306425,0.03125,35.1265896
G02,MRYGY18G0201083,21.40588235,0.680261438,-2.212848412,0.2010609,0.490819299,0.505467836,0.490819299,0.505467836,34.52850097,T1G01/T2G00,MRYGY17G010F431,MRYGY17G000F783,PD00,P10,150,0.83,22.08,0.2043,9.363,-2.223060527,0.666666667,0.2010609,0.548426783,0,21.40588235
G02,MRYGY18G0201083,21.40588235,0.680261438,-2.212848412,0.2010609,0.490819299,0.505467836,0.490819299,0.505467836,34.52850097,T1G01/T2G00,MRYGY17G010F431,MRYGY17G000F783,PD00,P11,136,0.82,20.75769231,0.221826923,9.125961538,-2.20302907,0.693333333,0.2010609,0.548426783,0,21.40588235
G02,MRYGY18G0201101,50.90582011,0.632134039,6.937210053,0.1005209,0.503487178,0.501466629,0.503487178,0.501466629,77.55569987,T1G01/T2G00,MRYGY17G010F133,MRYGY17G000E057,PD00,P10,181,1.67,54.29213483,0.469550562,12.37640449,7.021220225,0.593333333,0.1005209,0.508436043,0,50.90582011
G02,MRYGY18G0201101,50.90582011,0.632134039,6.937210053,0.1005209,0.503487178,0.501466629,0.503487178,0.501466629,77.55569987,T1G01/T2G00,MRYGY17G010F133,MRYGY17G000E057,PD00,P11,167,1.6,47.892,0.4722,11.9,6.862441,0.666666667,0.1005209,0.508436043,0,50.90582011
G02,MRYGY18G0201102,37.74608295,0.724086022,6.642486636,0.1476791,0.503079131,0.503343446,0.503079131,0.503343446,79.11250636,T1G01/T2G00,MRYGY17G010F133,MRYGY17G000E832,PD00,P10,160,1.24,39.34821429,0.359821429,11.35267857,6.621424107,0.746666667,0.1476791,0.527228896,0,37.74608295
G02,MRYGY18G0201102,37.74608295,0.724086022,6.642486636,0.1476791,0.503079131,0.503343446,0.503079131,0.503343446,79.11250636,T1G01/T2G00,MRYGY17G010F133,MRYGY17G000E832,PD00,P11,146,1.29,36.03714286,0.37752381,10.98095238,6.664953333,0.7,0.1476791,0.527228896,0,37.74608295
G02,MRYGY18G0201111,40.97708333,0.65,5.940792708,0.0470011,0.502107618,0.499336583,0.502107618,0.499336583,68.55027444,T1G01/T2G00,MRYGY17G010A153,MRYGY17G000B692,PD00,P10,164,1.14,43.30833333,0.393928571,11.42619048,5.989292857,0.56,0.0470011,0.487087616,0,40.97708333
G02,MRYGY18G0201111,40.97708333,0.65,5.940792708,0.0470011,0.502107618,0.499336583,0.502107618,0.499336583,68.55027444,T1G01/T2G00,MRYGY17G010A153,MRYGY17G000B692,PD00,P11,150,1.4,39.16388889,0.405925926,11.15,5.90307037,0.72,0.0470011,0.487087616,0,40.97708333
G02,MRYGY18G0201121,26.1427451,0.852941176,-1.952715402,0.3732444,0.491179365,0.512318342,0.491179365,0.512318342,47.47623752,T2G00/T1G01,MRYGY17G000F110,MRYGY17G010F663,PD00,P10,157,0.99,26.52333333,0.240583333,9.974166667,-2.066061958,0.8,0.3732444,0.615571799,0,26.1427451
G02,MRYGY18G0201121,26.1427451,0.852941176,-1.952715402,0.3732444,0.491179365,0.512318342,0.491179365,0.512318342,47.47623752,T2G00/T1G01,MRYGY17G000F110,MRYGY17G010F663,PD00,P11,143,1.13,25.80444444,0.268222222,9.820740741,-1.851962908,0.9,0.3732444,0.615571799,0,26.1427451
G02,MRYGY18G0201131,37.70789474,0.76374269,0.447542864,0.2200922,0.494502012,0.506225164,0.494502012,0.506225164,50.27039512,T2G00/T1G01,MRYGY17G000F167,MRYGY17G010B314,PD00,P10,174,1.18,40.94056604,0.358113208,11.30471698,0.62645685,0.706666667,0.2200922,0.555953993,0,37.70789474
G02,MRYGY18G0201131,37.70789474,0.76374269,0.447542864,0.2200922,0.494502012,0.506225164,0.494502012,0.506225164,50.27039512,T2G00/T1G01,MRYGY17G000F167,MRYGY17G010B314,PD00,P11,160,1.49,34.89918033,0.344180328,10.84262295,0.292093007,0.813333333,0.2200922,0.555953993,0,37.70789474
G02,MRYGY18G0201141,29.57911111,0.753333333,3.127026875,0.1664592,0.498211773,0.504090839,0.498211773,0.504090839,61.25024994,T2G00/T1G01,MRYGY17G000F012,MRYGY17G010C815,PD00,P10,153,1,31.53809524,0.293904762,10.46952381,3.294054312,0.7,0.1664592,0.534698384,0,29.57911111
G02,MRYGY18G0201141,29.57911111,0.753333333,3.127026875,0.1664592,0.498211773,0.504090839,0.498211773,0.504090839,61.25024994,T2G00/T1G01,MRYGY17G000F012,MRYGY17G010C815,PD00,P11,139,0.96,27.865,0.298833333,9.9225,2.980877868,0.8,0.1664592,0.534698384,0,29.57911111
G02,MRYGY18G0201151,33.46743363,0.755457227,4.312001783,0.1981074,0.499852442,0.505350302,0.499852442,0.505350302,69.815712,T2G00/T1G01,MRYGY17G000F140,MRYGY17G010B161,PD00,P10,157,1.12,35.1564486,0.323925234,10.85607477,4.329680758,0.713333333,0.1981074,0.54725699,0,33.46743363
G02,MRYGY18G0201151,33.46743363,0.755457227,4.312001783,0.1981074,0.499852442,0.505350302,0.499852442,0.505350302,69.815712,T2G00/T1G01,MRYGY17G000F140,MRYGY17G010B161,PD00,P11,143,1.04,31.9487395,0.339915966,10.52857143,4.296105562,0.793333333,0.1981074,0.54725699,0,33.46743363
G02,MRYGY18G0201172,37.81363636,0.806666667,5.410745041,0.2103737,0.501373743,0.505838431,0.501373743,0.505838431,76.61366851,T2G00/NP,MRYGY17G000D076,MRYGY17G010B425,PD00,P10,168,1.21,39.21570248,0.348842975,11.30991736,5.412436364,0.806666667,0.2103737,0.552112505,0,37.81363636
G02,MRYGY18G0201172,37.81363636,0.806666667,5.410745041,0.2103737,0.501373743,0.505838431,0.501373743,0.505838431,76.61366851,T2G00/NP,MRYGY17G000D076,MRYGY17G010B425,PD00,P11,154,1.32,36.41157025,0.369669421,10.97190083,5.409053719,0.806666667,0.2103737,0.552112505,0,37.81363636
G02,MRYGY18G0202011,52.10247525,0.676567657,8.519888614,0.1033886,0.505678325,0.50158076,0.505678325,0.50158076,86.35537792,NP,MRYGY17G010A103,MRYGY17G010E389,PD00,P10,174,1.31,52.88404255,0.464574468,12.05638298,8.377553191,0.626666667,0.1033886,0.509579798,0,52.10247525
G02,MRYGY18G0202011,52.10247525,0.676567657,8.519888614,0.1033886,0.505678325,0.50158076,0.505678325,0.50158076,86.35537792,NP,MRYGY17G010A103,MRYGY17G010E389,PD00,P11,160,1.49,51.42222222,0.51462963,12.00648148,8.643773148,0.72,0.1033886,0.509579798,0,52.10247525
G02,MRYGY18G0202012,47.13130435,0.767188406,8.501939565,0.1124715,0.50565349,0.501942248,0.50565349,0.501942248,86.86640936,NP,MRYGY17G010A103,MRYGY17G010E689,PD00,P10,172,1.28,49.1559322,0.435169492,12.01779661,8.613638983,0.786666667,0.1124715,0.513201861,0,47.13130435
G02,MRYGY18G0202012,47.13130435,0.767188406,8.501939565,0.1124715,0.50565349,0.501942248,0.50565349,0.501942248,86.86640936,NP,MRYGY17G010A103,MRYGY17G010E689,PD00,P11,158,1.44,44.99821429,0.454017857,11.67767857,8.38425625,0.746666667,0.1124715,0.513201861,0,47.13130435
G02,MRYGY18G0202021,38.52232558,0.724868217,5.558106512,0.1068264,0.501577774,0.50171758,0.501577774,0.50171758,70.477445,NP/T2G00,MRYGY17G010D620,MRYGY17G000B158,PD00,P10,171,1.14,39.65729167,0.350833333,11.37291667,5.542217708,0.64,0.1068264,0.510950827,0,38.52232558
G02,MRYGY18G0202021,38.52232558,0.724868217,5.558106512,0.1068264,0.501577774,0.50171758,0.501577774,0.50171758,70.477445,NP/T2G00,MRYGY17G010D620,MRYGY17G000B158,PD00,P11,157,1.19,37.60672269,0.379159664,11.13529412,5.57092437,0.793333333,0.1068264,0.510950827,0,38.52232558
G02,MRYGY18G0202031,53.86201923,0.69974359,9.6425625,0.1411782,0.507232452,0.503084725,0.507232452,0.503084725,94.99251403,NP/T1G01,MRYGY17G010F270,MRYGY17G010B303,PD00,P10,178,1.55,56.02021277,0.486170213,12.44893617,9.774418085,0.626666667,0.1411782,0.524640899,0,53.86201923
G02,MRYGY18G0202031,53.86201923,0.69974359,9.6425625,0.1411782,0.507232452,0.503084725,0.507232452,0.503084725,94.99251403,NP/T1G01,MRYGY17G010F270,MRYGY17G010B303,PD00,P11,164,1.54,52.08245614,0.515526316,12.0245614,9.533839474,0.76,0.1411782,0.524640899,0,53.86201923
G02,MRYGY18G0202032,47.1056701,0.646735395,8.959894845,0.0269743,0.506287444,0.498539534,0.506287444,0.498539534,83.62808962,NP/T1G01,MRYGY17G010F270,MRYGY17G010C348,PD00,P10,172,1.15,48.53854167,0.426875,12.06354167,9.0963,0.64,0.0269743,0.479105385,0,47.1056701
G02,MRYGY18G0202032,47.1056701,0.646735395,8.959894845,0.0269743,0.506287444,0.498539534,0.506287444,0.498539534,83.62808962,NP/T1G01,MRYGY17G010F270,MRYGY17G010C348,PD00,P11,158,1.28,45.70204082,0.457959184,11.68061224,8.826273469,0.653333333,0.0269743,0.479105385,0,47.1056701
G02,MRYGY18G0202041,48.84518072,0.573895582,6.397550602,-0.0171957,0.502739997,0.49678164,0.502739997,0.49678164,66.73304497,NP/T1G01,MRYGY17G010A821,MRYGY17G010B176,PD00,P10,178,1.36,50.31492537,0.437164179,11.91044776,6.189150746,0.446666667,-0.0171957,0.461534338,0,48.84518072
G02,MRYGY18G0202041,48.84518072,0.573895582,6.397550602,-0.0171957,0.502739997,0.49678164,0.502739997,0.49678164,66.73304497,NP/T1G01,MRYGY17G010A821,MRYGY17G010B176,PD00,P11,164,1.66,47.85050505,0.471313131,11.68888889,6.538588889,0.66,-0.0171957,0.461534338,0,48.84518072
G02,MRYGY18G0202051,40.45611111,0.602666667,6.119399876,0.1319585,0.502354917,0.5027178,0.502354917,0.5027178,75.21424721,NP/T2G00,MRYGY17G010D686,MRYGY17G000C441,PD00,P10,165,1.15,40.5452381,0.365119048,11.33333333,5.960964019,0.56,0.1319585,0.520968795,0,40.45611111
G02,MRYGY18G0202051,40.45611111,0.602666667,6.119399876,0.1319585,0.502354917,0.5027178,0.502354917,0.5027178,75.21424721,NP/T2G00,MRYGY17G010D686,MRYGY17G000C441,PD00,P11,151,1.36,40.378125,0.415104167,11.290625,6.25803125,0.64,0.1319585,0.520968795,0,40.45611111
G02,MRYGY18G0202061,37.53298429,0.639616056,5.392422513,0.0985235,0.501348368,0.501387134,0.501348368,0.501387134,69.01993568,NP/T2G00,MRYGY17G010D870,MRYGY17G000B615,PD00,P10,163,1.04,39.96966292,0.360786517,11.36516854,5.457055056,0.593333333,0.0985235,0.507639358,0,37.53298429
G02,MRYGY18G0202061,37.53298429,0.639616056,5.392422513,0.0985235,0.501348368,0.501387134,0.501348368,0.501387134,69.01993568,NP/T2G00,MRYGY17G010D870,MRYGY17G000B615,PD00,P11,149,1.11,35.40686275,0.364803922,10.86862745,5.336027451,0.68,0.0985235,0.507639358,0,37.53298429
G02,MRYGY18G0202071,29.28545455,0.553414141,4.508812058,-0.0863784,0.500124946,0.494028457,0.500124946,0.494028457,51.82511886,NP/T2G00,MRYGY17G010D840,MRYGY17G000C345,PD00,P10,155,0.96,29.64736842,0.273421053,10.30394737,4.459802495,0.506666667,-0.0863784,0.434176179,0,29.28545455
G02,MRYGY18G0202071,29.28545455,0.553414141,4.508812058,-0.0863784,0.500124946,0.494028457,0.500124946,0.494028457,51.82511886,NP/T2G00,MRYGY17G010D840,MRYGY17G000C345,PD00,P11,141,0.92,28.97640449,0.307977528,10.14719101,4.550662921,0.593333333,-0.0863784,0.434176179,0,29.28545455
G02,MRYGY18G0202091,48.21648936,0.647163121,5.691592021,0.0015978,0.501762578,0.497529583,0.501762578,0.497529583,64.15264305,NP/T1G01,MRYGY17G010A666,MRYGY17G010B015,PD00,P10,183,1.31,48.47532468,0.417662338,12.00649351,5.60085974,0.513333333,0.0015978,0.469003318,0,48.21648936
G02,MRYGY18G0202091,48.21648936,0.647163121,5.691592021,0.0015978,0.501762578,0.497529583,0.501762578,0.497529583,64.15264305,NP/T1G01,MRYGY17G010A666,MRYGY17G010B015,PD00,P11,169,1.97,48.03693694,0.465765766,11.86936937,5.754532432,0.74,0.0015978,0.469003318,0,48.21648936
G02,MRYGY18G0202101,29.72401961,0.686535948,-2.64227599,0.1382636,0.490225188,0.502968731,0.490225188,0.502968731,27.98723545,NP/T2G00,MRYGY17G010D072,MRYGY17G000C675,PD00,P10,168,0.77,25.975,0.231195652,9.589130435,-3.173050358,0.613333333,0.1382636,0.523480258,0,29.72401961
G02,MRYGY18G0202101,29.72401961,0.686535948,-2.64227599,0.1382636,0.490225188,0.502968731,0.490225188,0.502968731,27.98723545,NP/T2G00,MRYGY17G010D072,MRYGY17G000C675,PD00,P11,154,1.17,32.80357143,0.332857143,10.35714286,-2.206282759,0.746666667,0.1382636,0.523480258,0,29.72401961
G02,MRYGY18G0202111,39.85617021,0.785049645,0.276228709,0.2642259,0.494264852,0.507981298,0.494264852,0.507981298,52.2953194,NP/T1G01,MRYGY17G010D647,MRYGY17G010E055,PD00,P10,177,1.28,42.80178571,0.37375,11.39553571,0.381548976,0.746666667,0.2642259,0.573327675,0,39.85617021
G02,MRYGY18G0202111,39.85617021,0.785049645,0.276228709,0.2642259,0.494264852,0.507981298,0.494264852,0.507981298,52.2953194,NP/T1G01,MRYGY17G010D647,MRYGY17G010E055,PD00,P11,163,1.54,37.17398374,0.366910569,10.99349593,0.180327328,0.82,0.2642259,0.573327675,0,39.85617021
G02,MRYGY18G0202121,43.70050505,0.66026936,7.260010101,0.1031477,0.503934113,0.501571172,0.503934113,0.501571172,79.4874122,T2G00/NP,MRYGY17G000F146,MRYGY17G010B213,PD00,P10,164,1.27,45.00412371,0.405257732,11.73505155,7.269126804,0.646666667,0.1031477,0.50948372,0,43.70050505
G02,MRYGY18G0202121,43.70050505,0.66026936,7.260010101,0.1031477,0.503934113,0.501571172,0.503934113,0.501571172,79.4874122,T2G00/NP,MRYGY17G000F146,MRYGY17G010B213,PD00,P11,150,1.4,42.44851485,0.436930693,11.4980198,7.251254455,0.673333333,0.1031477,0.50948372,0,43.70050505
G02,MRYGY18G0202131,38.78055556,0.723024691,7.557738426,0.1406093,0.504346276,0.503062084,0.504346276,0.503062084,83.61656985,T1G01/NP,MRYGY17G010D358,MRYGY17G010B129,PD00,P10,159,1.27,39.68434783,0.362956522,11.24869565,7.607586087,0.766666667,0.1406093,0.52441437,0,38.78055556
G02,MRYGY18G0202131,38.78055556,0.723024691,7.557738426,0.1406093,0.504346276,0.503062084,0.504346276,0.503062084,83.61656985,T1G01/NP,MRYGY17G010D358,MRYGY17G010B129,PD00,P11,145,1.43,37.75148515,0.395247525,11.04851485,7.500981188,0.673333333,0.1406093,0.52441437,0,38.78055556
G02,MRYGY18G0202141,47.85081967,0.613078324,10.47865137,0.0083746,0.508389823,0.497799289,0.508389823,0.497799289,90.64065638,T1G01/NP,MRYGY17G010D249,MRYGY17G010E187,PD00,P10,169,1.29,51.83411765,0.463882353,12.12588235,10.71408471,0.566666667,0.0083746,0.471699395,0,47.85081967
G02,MRYGY18G0202141,47.85081967,0.613078324,10.47865137,0.0083746,0.508389823,0.497799289,0.508389823,0.497799289,90.64065638,T1G01/NP,MRYGY17G010D249,MRYGY17G010E187,PD00,P11,155,1.45,44.39591837,0.452142857,11.66122449,10.27444898,0.653333333,0.0083746,0.471699395,0,47.85081967
G02,MRYGY18G0202151,37.36770428,0.86612192,3.870171569,0.3725324,0.499240695,0.512290022,0.499240695,0.512290022,79.09605364,T2G00/NP,MRYGY17G000D388,MRYGY17G010B298,PD00,P10,163,1.33,39.21126761,0.354225352,11.16690141,4.020978873,0.946666667,0.3725324,0.615299728,0,37.36770428
G02,MRYGY18G0202151,37.36770428,0.86612192,3.870171569,0.3725324,0.499240695,0.512290022,0.499240695,0.512290022,79.09605364,T2G00/NP,MRYGY17G000D388,MRYGY17G010B298,PD00,P11,149,1.33,35.09130435,0.362956522,10.76956522,3.683957333,0.766666667,0.3725324,0.615299728,0,37.36770428
G02,MRYGY18G0202162,40.61609756,0.686081301,5.410499741,0.195041,0.501373396,0.505228275,0.501373396,0.505228275,75.58506903,T2G00/NP,MRYGY17G000D665,MRYGY17G010B641,PD00,P10,163,1.31,43.68541667,0.3959375,11.53333333,5.674905439,0.64,0.195041,0.546042047,0,40.61609756
G02,MRYGY18G0202162,40.61609756,0.686081301,5.410499741,0.195041,0.501373396,0.505228275,0.501373396,0.505228275,75.58506903,T2G00/NP,MRYGY17G000D665,MRYGY17G010B641,PD00,P11,149,1.49,37.91284404,0.391743119,11.06513761,5.177628669,0.726666667,0.195041,0.546042047,0,40.61609756
G02,MRYGY18G0202171,40.03910891,0.675709571,4.265348671,0.0522423,0.499787854,0.499545179,0.499787854,0.499545179,59.78868078,T2G00/NP,MRYGY17G000F312,MRYGY17G010B248,PD00,P10,174,1.18,42.00736842,0.366947368,11.48947368,4.299961053,0.633333333,0.0522423,0.489177625,0,40.03910891
G02,MRYGY18G0202171,40.03910891,0.675709571,4.265348671,0.0522423,0.499787854,0.499545179,0.499787854,0.499545179,59.78868078,T2G00/NP,MRYGY17G000F312,MRYGY17G010B248,PD00,P11,160,1.45,38.29158879,0.379626168,11.18579439,4.234618052,0.713333333,0.0522423,0.489177625,0,40.03910891
G02,MRYGY18G0202181,43.20117647,0.566980392,7.919848235,-0.0048614,0.504847624,0.497272519,0.504847624,0.497272519,75.83890913,T2G00/NP,MRYGY17G000F144,MRYGY17G010E348,PD00,P10,164,1.33,43.83253012,0.394337349,11.58192771,7.863337349,0.553333333,-0.0048614,0.466434915,0,43.20117647
G02,MRYGY18G0202181,43.20117647,0.566980392,7.919848235,-0.0048614,0.504847624,0.497272519,0.504847624,0.497272519,75.83890913,T2G00/NP,MRYGY17G000F144,MRYGY17G010E348,PD00,P11,150,1.41,42.59885057,0.438275862,11.44942529,7.97376092,0.58,-0.0048614,0.466434915,0,43.20117647
G02,MRYGY18G0203011,37.45691489,0.628439716,6.050180319,0.0601147,0.502259082,0.499858494,0.502259082,0.499858494,70.02394499,NP,MRYGY17G010D367,MRYGY17G010B339,PD00,P10,168,1.08,38.68202247,0.34494382,11.3,5.983934831,0.593333333,0.0601147,0.492317405,0,37.45691489
G02,MRYGY18G0203011,37.45691489,0.628439716,6.050180319,0.0601147,0.502259082,0.499858494,0.502259082,0.499858494,70.02394499,NP,MRYGY17G010D367,MRYGY17G010B339,PD00,P11,154,1.23,36.35555556,0.36959596,10.96565657,6.109734343,0.66,0.0601147,0.492317405,0,37.45691489
G02,MRYGY18G0203021,43.91990741,0.720987654,5.484528241,0.1999752,0.501475889,0.505424631,0.501475889,0.505424631,76.31827002,NP,MRYGY17G010D385,MRYGY17G010E665,PD00,P10,170,1.17,44.37403846,0.392596154,11.78653846,5.311275,0.693333333,0.1999752,0.547996818,0,43.91990741
G02,MRYGY18G0203021,43.91990741,0.720987654,5.484528241,0.1999752,0.501475889,0.505424631,0.501475889,0.505424631,76.31827002,NP,MRYGY17G010D385,MRYGY17G010E665,PD00,P11,156,1.44,43.49821429,0.438392857,11.63303571,5.64540625,0.746666667,0.1999752,0.547996818,0,43.91990741
G02,MRYGY18G0203022,45.82444444,0.751792593,7.158960444,0.1707562,0.503794193,0.504261845,0.503794193,0.504261845,83.46768514,NP,MRYGY17G010D385,MRYGY17G010B114,PD00,P10,169,1.16,49.22803738,0.440934579,12.01775701,7.377227103,0.713333333,0.1707562,0.536405826,0,45.82444444
G02,MRYGY18G0203022,45.82444444,0.751792593,7.158960444,0.1707562,0.503794193,0.504261845,0.503794193,0.504261845,83.46768514,NP,MRYGY17G010D385,MRYGY17G010B114,PD00,P11,155,1.29,42.73813559,0.436525424,11.56016949,6.961040678,0.786666667,0.1707562,0.536405826,0,45.82444444
G02,MRYGY18G0203031,53.6171875,0.640069444,8.459709896,0.092714,0.505595002,0.501155922,0.505595002,0.501155922,85.31281284,NP,MRYGY17G010D601,MRYGY17G010B559,PD00,P10,179,1.57,57.88631579,0.503052632,12.60631579,8.597944211,0.633333333,0.092714,0.505322011,0,53.6171875
G02,MRYGY18G0203031,53.6171875,0.640069444,8.459709896,0.092714,0.505595002,0.501155922,0.505595002,0.501155922,85.31281284,NP,MRYGY17G010D601,MRYGY17G010B559,PD00,P11,165,1.58,49.43608247,0.488247423,12.00824742,8.324325773,0.646666667,0.092714,0.505322011,0,53.6171875
G02,MRYGY18G0203032,42.59909091,0.73430303,9.081681818,0.1602169,0.506456079,0.503842416,0.506456079,0.503842416,93.21829201,NP,MRYGY17G010D601,MRYGY17G010F572,PD00,P10,166,1.33,44.96226415,0.403584906,11.72358491,9.194221698,0.706666667,0.1602169,0.532216833,0,42.59909091
G02,MRYGY18G0203032,42.59909091,0.73430303,9.081681818,0.1602169,0.506456079,0.503842416,0.506456079,0.503842416,93.21829201,NP,MRYGY17G010D601,MRYGY17G010F572,PD00,P11,152,1.33,40.40175439,0.415789474,11.41315789,8.977039474,0.76,0.1602169,0.532216833,0,42.59909091
G02,MRYGY18G0203041,50.74761905,0.631428571,10.24018889,0.068106677,0.508059741,0.50017657,0.508059741,0.50017657,93.34629726,NP,MRYGY17G010D613,MRYGY17G010B057,PD00,P10,171,1.35,52.99666667,0.469555556,12.27222222,10.27279778,0.6,0.068106677,0.495505363,0,50.74761905
G02,MRYGY18G0203041,50.74761905,0.631428571,10.24018889,0.068106677,0.508059741,0.50017657,0.508059741,0.50017657,93.34629726,NP,MRYGY17G010D613,MRYGY17G010B057,PD00,P11,157,1.44,48.7030303,0.493030303,12.00909091,10.21054444,0.66,0.068106677,0.495505363,0,50.74761905
G02,MRYGY18G0203051,35.18018433,0.723471582,4.632957986,0.0637076,0.500296834,0.500001489,0.500296834,0.500001489,62.5563474,NP,MRYGY17G010D679,MRYGY17G010E160,PD00,P10,162,1.03,35.28090909,0.320272727,10.91363636,4.567772572,0.733333333,0.0637076,0.493750546,0,35.18018433
G02,MRYGY18G0203051,35.18018433,0.723471582,4.632957986,0.0637076,0.500296834,0.500001489,0.500296834,0.500001489,62.5563474,NP,MRYGY17G010D679,MRYGY17G010E160,PD00,P11,148,1.12,35.07663551,0.365327103,10.89439252,4.699971028,0.713333333,0.0637076,0.493750546,0,35.18018433
G02,MRYGY18G0203052,45.16797753,0.599400749,6.190132584,0.1623625,0.502452828,0.503927804,0.502452828,0.503927804,77.63599345,NP,MRYGY17G010D679,MRYGY17G010C842,PD00,P10,164,1.36,48.96375,0.444625,11.9,6.4103775,0.533333333,0.1623625,0.533069936,0,45.16797753
G02,MRYGY18G0203052,45.16797753,0.599400749,6.190132584,0.1623625,0.502452828,0.503927804,0.502452828,0.503927804,77.63599345,NP,MRYGY17G010D679,MRYGY17G010C842,PD00,P11,150,1.41,42.06938776,0.437244898,11.49693878,6.010340816,0.653333333,0.1623625,0.533069936,0,45.16797753
G02,MRYGY18G0203071,38.56714976,0.690144928,4.592974468,0.0975398,0.500241478,0.501347984,0.500241478,0.501347984,64.60580444,NP,MRYGY17G010D695,MRYGY17G010B329,PD00,P10,169,1.07,38.61714286,0.340952381,11.09238095,4.33627157,0.7,0.0975398,0.507246986,0.0625,38.56714976
G02,MRYGY18G0203071,38.56714976,0.690144928,4.592974468,0.0975398,0.500241478,0.501347984,0.500241478,0.501347984,64.60580444,NP,MRYGY17G010D695,MRYGY17G010B329,PD00,P11,155,1.24,38.51568627,0.388529412,11.11960784,4.857227451,0.68,0.0975398,0.507246986,0.0625,38.56714976
G02,MRYGY18G0203081,51.12892157,0.680588235,6.150426961,0.1713457,0.502397864,0.504285305,0.502397864,0.504285305,78.02195458,NP,MRYGY17G010F326,MRYGY17G010B470,PD00,P10,180,1.52,53.90707071,0.467676768,12.31717172,6.202569697,0.66,0.1713457,0.536640016,0,51.12892157
G02,MRYGY18G0203081,51.12892157,0.680588235,6.150426961,0.1713457,0.502397864,0.504285305,0.502397864,0.504285305,78.02195458,NP,MRYGY17G010F326,MRYGY17G010B470,PD00,P11,166,1.46,48.50952381,0.479904762,11.91619048,6.10126381,0.7,0.1713457,0.536640016,0,51.12892157
G02,MRYGY18G0203082,38.62933884,0.808650138,4.922154732,0.1603251,0.500697249,0.503846722,0.500697249,0.503846722,70.60300907,NP,MRYGY17G010F326,MRYGY17G010E601,PD00,P10,163,1.36,39.93304348,0.360347826,11.24695652,4.924741471,0.766666667,0.1603251,0.532259858,0,38.62933884
G02,MRYGY18G0203082,38.62933884,0.808650138,4.922154732,0.1603251,0.500697249,0.503846722,0.500697249,0.503846722,70.60300907,NP,MRYGY17G010F326,MRYGY17G010E601,PD00,P11,149,1.31,37.4488189,0.388503937,11.05433071,4.919812409,0.846666667,0.1603251,0.532259858,0,38.62933884
G02,MRYGY18G0203091,48.92112676,0.714522692,6.265217207,0.1467135,0.502556789,0.503305017,0.502556789,0.503305017,76.99588419,NP,MRYGY17G010F014,MRYGY17G010B418,PD00,P10,183,1.82,52.81632653,0.455306122,12.20612245,6.369758827,0.653333333,0.1467135,0.526844563,0,48.92112676
G02,MRYGY18G0203091,48.92112676,0.714522692,6.265217207,0.1467135,0.502556789,0.503305017,0.502556789,0.503305017,76.99588419,NP,MRYGY17G010F014,MRYGY17G010B418,PD00,P11,169,1.77,45.60173913,0.447130435,11.67826087,6.176129565,0.766666667,0.1467135,0.526844563,0,48.92112676
G02,MRYGY18G0203092,39.41170213,0.630141844,5.529692553,0.1199471,0.501538425,0.502239767,0.501538425,0.502239767,71.20200308,NP,MRYGY17G010F014,MRYGY17G010F744,PD00,P10,164,1.4,41.84942529,0.374597701,11.42988506,5.58783908,0.58,0.1199471,0.516182164,0,39.41170213
G02,MRYGY18G0203092,39.41170213,0.630141844,5.529692553,0.1199471,0.501538425,0.502239767,0.501538425,0.502239767,71.20200308,NP,MRYGY17G010F014,MRYGY17G010F744,PD00,P11,150,1.48,37.31188119,0.381188119,10.94059406,5.479605941,0.673333333,0.1199471,0.516182164,0,39.41170213
G02,MRYGY18G0203111,44.29828571,0.599352381,5.099225089,0.0036493,0.500942413,0.49761123,0.500942413,0.49761123,61.06822845,NP,MRYGY17G010F074,MRYGY17G010E155,PD00,P10,181,1.35,45.27534247,0.392054795,11.70821918,5.087336986,0.486666667,0.0036493,0.469819341,0,44.29828571
G02,MRYGY18G0203111,44.29828571,0.599352381,5.099225089,0.0036493,0.500942413,0.49761123,0.500942413,0.49761123,61.06822845,NP,MRYGY17G010F074,MRYGY17G010E155,PD00,P11,167,2.18,43.59901961,0.423039216,11.33137255,5.107733241,0.68,0.0036493,0.469819341,0,44.29828571
G02,MRYGY18G0203121,41.55595855,0.650949914,10.08620363,-0.0450426,0.507846591,0.495673416,0.507846591,0.495673416,84.92761959,NP,MRYGY17G010F216,MRYGY17G010E383,PD00,P10,158,1.22,42.47209302,0.388604651,11.46395349,10.09156047,0.573333333,-0.0450426,0.450492992,0,41.55595855
G02,MRYGY18G0203121,41.55595855,0.650949914,10.08620363,-0.0450426,0.507846591,0.495673416,0.507846591,0.495673416,84.92761959,NP,MRYGY17G010F216,MRYGY17G010E383,PD00,P11,144,1.29,40.81962617,0.429906542,11.29252336,10.08189813,0.713333333,-0.0450426,0.450492992,0,41.55595855
G02,MRYGY18G0203122,36.98639053,0.566666667,8.565356805,-0.1734117,0.505741282,0.490565429,0.505741282,0.490565429,68.05765455,NP,MRYGY17G010F216,MRYGY17G010F842,PD00,P10,156,1.17,39.99230769,0.370384615,11.34615385,8.725696154,0.52,-0.1734117,0.40021718,0,36.98639053
G02,MRYGY18G0203122,36.98639053,0.566666667,8.565356805,-0.1734117,0.505741282,0.490565429,0.505741282,0.490565429,68.05765455,NP,MRYGY17G010F216,MRYGY17G010F842,PD00,P11,142,1.16,34.40989011,0.365274725,10.81978022,8.427923077,0.606666667,-0.1734117,0.40021718,0,36.98639053
G02,MRYGY18G0203131,45.80377358,0.5360587,7.432324528,-0.0687562,0.504172667,0.494729719,0.504172667,0.494729719,68.9064872,NP,MRYGY17G010F254,MRYGY17G010B090,PD00,P10,183,1.56,48.96619718,0.419577465,12.04084507,7.314969014,0.473333333,-0.0687562,0.441120284,0,45.80377358
G02,MRYGY18G0203131,45.80377358,0.5360587,7.432324528,-0.0687562,0.504172667,0.494729719,0.504172667,0.494729719,68.9064872,NP,MRYGY17G010F254,MRYGY17G010B090,PD00,P11,169,1.85,43.25227273,0.418068182,11.5,7.527009091,0.586666667,-0.0687562,0.441120284,0,45.80377358
G02,MRYGY18G0203132,45.99319372,0.637102967,8.012670681,-0.0276286,0.504976139,0.496366437,0.504976139,0.496366437,74.81830897,NP,MRYGY17G010F254,MRYGY17G010E038,PD00,P10,172,1.16,48.97741935,0.429892473,12.04516129,8.050932258,0.62,-0.0276286,0.457393736,0,45.99319372
G02,MRYGY18G0203132,45.99319372,0.637102967,8.012670681,-0.0276286,0.504976139,0.496366437,0.504976139,0.496366437,74.81830897,NP,MRYGY17G010F254,MRYGY17G010E038,PD00,P11,158,1.27,43.16122449,0.431938776,11.56836735,7.976361224,0.653333333,-0.0276286,0.457393736,0,45.99319372
G02,MRYGY18G0203152,42.51153846,0.611355311,7.31678956,-0.0141211,0.504012696,0.496904002,0.504012696,0.496904002,71.93862088,NP,MRYGY17G010F305,MRYGY17G010E241,PD00,P10,170,1.12,42.1686747,0.37373494,11.40240964,7.064174699,0.553333333,-0.0141211,0.462755399,0,42.51153846
G02,MRYGY18G0203152,42.51153846,0.611355311,7.31678956,-0.0141211,0.504012696,0.496904002,0.504012696,0.496904002,71.93862088,NP,MRYGY17G010F305,MRYGY17G010E241,PD00,P11,156,1.31,42.7989899,0.432222222,11.45050505,7.528577778,0.66,-0.0141211,0.462755399,0,42.51153846
G02,MRYGY18G0203162,36.98181818,0.560686869,5.95755697,-0.0177094,0.502130822,0.496761196,0.502130822,0.496761196,64.30559283,NP,MRYGY17G010F310,MRYGY17G010B121,PD00,P10,160,1.06,36.27887324,0.332394366,10.85211268,5.672105634,0.473333333,-0.0177094,0.46133036,0,36.98181818
G02,MRYGY18G0203162,36.98181818,0.560686869,5.95755697,-0.0177094,0.502130822,0.496761196,0.502130822,0.496761196,64.30559283,NP,MRYGY17G010F310,MRYGY17G010B121,PD00,P11,146,1.59,37.51276596,0.390744681,11.10851064,6.17316383,0.626666667,-0.0177094,0.46133036,0,36.98181818
G02,MRYGY18G0203171,40.72234043,0.66751773,5.817326596,0.0066995,0.501936682,0.497732623,0.501936682,0.497732623,65.17840866,NP,MRYGY17G010F319,MRYGY17G010B486,PD00,P10,172,1.04,42.11142857,0.370428571,11.54571429,5.734247143,0.466666667,0.0066995,0.471032849,0,40.72234043
G02,MRYGY18G0203171,40.72234043,0.66751773,5.817326596,0.0066995,0.501936682,0.497732623,0.501936682,0.497732623,65.17840866,NP,MRYGY17G010F319,MRYGY17G010B486,PD00,P11,158,1.21,39.89830508,0.398898305,11.25084746,5.866611017,0.786666667,0.0066995,0.471032849,0,40.72234043
G02,MRYGY18G0203172,31.2,0.416693333,4.5120752,-0.1306282,0.50012946,0.492267678,0.50012946,0.492267678,48.87846475,NP,MRYGY17G010F319,MRYGY17G010B045,PD00,P10,156,0.98,28.52580645,0.261774194,9.953225806,4.024490323,0.413333333,-0.1306282,0.416833251,0,31.2
G02,MRYGY18G0203172,31.2,0.416693333,4.5120752,-0.1306282,0.50012946,0.492267678,0.50012946,0.492267678,48.87846475,NP,MRYGY17G010F319,MRYGY17G010B045,PD00,P11,142,1.21,33.83174603,0.358730159,10.67460317,4.991920635,0.42,-0.1306282,0.416833251,0,31.2
G02,MRYGY18G0203181,40.69631902,0.543844581,6.641484049,-0.116055,0.503077763,0.492847553,0.503077763,0.492847553,61.43660306,NP,MRYGY17G010F400,MRYGY17G010E482,PD00,P10,166,1.38,42.95696203,0.384936709,11.59240506,6.691396203,0.526666667,-0.116055,0.422528832,0,40.69631902
G02,MRYGY18G0203181,40.69631902,0.543844581,6.641484049,-0.116055,0.503077763,0.492847553,0.503077763,0.492847553,61.43660306,NP,MRYGY17G010F400,MRYGY17G010E482,PD00,P11,152,1.51,38.5702381,0.394761905,11.16666667,6.594542857,0.56,-0.116055,0.422528832,0,40.69631902
G02,MRYGY18G0204011,46.6827381,0.56031746,5.542904762,-0.1893248,0.50155672,0.48993234,0.50155672,0.48993234,50.55350286,NP,MRYGY17G010A170,MRYGY17G010B293,PD00,P10,181,1.65,48.60813953,0.419651163,12.01860465,5.460805814,0.573333333,-0.1893248,0.394081007,0,46.6827381
G02,MRYGY18G0204011,46.6827381,0.56031746,5.542904762,-0.1893248,0.50155672,0.48993234,0.50155672,0.48993234,50.55350286,NP,MRYGY17G010A170,MRYGY17G010B293,PD00,P11,167,1.79,44.66341463,0.437195122,11.6902439,5.629008537,0.546666667,-0.1893248,0.394081007,0,46.6827381
G02,MRYGY18G0204013,32.31931818,0.293333333,4.518505877,-0.353567,0.500138372,0.483400358,0.500138372,0.483400358,33.98475243,NP,MRYGY17G010A170,MRYGY17G010C417,PD00,P10,157,0.93,27.97272727,0.257272727,10.09318182,3.820470845,0.293333333,-0.353567,0.332529071,0,32.31931818
G02,MRYGY18G0204013,32.31931818,0.293333333,4.518505877,-0.353567,0.500138372,0.483400358,0.500138372,0.483400358,33.98475243,NP,MRYGY17G010A170,MRYGY17G010C417,PD00,P11,143,1.06,36.66590909,0.392272727,11.10909091,5.216540909,0.293333333,-0.353567,0.332529071,0,32.31931818
G02,MRYGY18G0204021,49.46650246,0.677077176,5.792864465,0.2096904,0.501902807,0.50581124,0.501902807,0.50581124,78.64622424,NP,MRYGY17G010A208,MRYGY17G010E373,PD00,P10,183,1.41,52.5020202,0.451919192,12.1979798,5.89087764,0.66,0.2096904,0.551842224,0,49.46650246
G02,MRYGY18G0204021,49.46650246,0.677077176,5.792864465,0.2096904,0.501902807,0.50581124,0.501902807,0.50581124,78.64622424,NP,MRYGY17G010A208,MRYGY17G010E373,PD00,P11,169,1.36,46.57692308,0.457019231,11.81259615,5.699563462,0.693333333,0.2096904,0.551842224,0,49.46650246
G02,MRYGY18G0204022,42.11841004,0.796680614,7.061680753,0.2519685,0.503659536,0.507493579,0.503659536,0.507493579,88.37954934,NP,MRYGY17G010A208,MRYGY17G010F786,PD00,P10,171,1.43,44.5675,0.392333333,11.84083333,7.131195,0.8,0.2519685,0.568515187,0,42.11841004
G02,MRYGY18G0204022,42.11841004,0.796680614,7.061680753,0.2519685,0.503659536,0.507493579,0.503659536,0.507493579,88.37954934,NP,MRYGY17G010A208,MRYGY17G010F786,PD00,P11,157,1.34,39.6487395,0.399159664,11.4394958,6.991582353,0.793333333,0.2519685,0.568515187,0,42.11841004
G02,MRYGY18G0204031,44.41067194,0.848089592,6.622430536,0.2304756,0.50305138,0.506638348,0.50305138,0.506638348,84.55067827,NP,MRYGY17G010A333,MRYGY17G010C407,PD00,P10,181,1.68,47.02820513,0.405384615,11.93760684,6.650165812,0.78,0.2304756,0.560052491,0.0625,44.41067194
G02,MRYGY18G0204031,44.41067194,0.848089592,6.622430536,0.2304756,0.50305138,0.506638348,0.50305138,0.506638348,84.55067827,NP,MRYGY17G010A333,MRYGY17G010C407,PD00,P11,167,1.81,42.15882353,0.411764706,11.44779412,6.598570041,0.906666667,0.2304756,0.560052491,0.0625,44.41067194
G02,MRYGY18G0204032,41.76020408,0.653605442,8.185093878,0.1126596,0.505214869,0.501949735,0.505214869,0.501949735,85.15596762,NP,MRYGY17G010A333,MRYGY17G010B257,PD00,P10,164,1.39,42.07291667,0.3765625,11.571875,8.033071875,0.64,0.1126596,0.513276861,0,41.76020408
G02,MRYGY18G0204032,41.76020408,0.653605442,8.185093878,0.1126596,0.505214869,0.501949735,0.505214869,0.501949735,85.15596762,NP,MRYGY17G010A333,MRYGY17G010B257,PD00,P11,150,1.31,41.46,0.4276,11.408,8.331035,0.666666667,0.1126596,0.513276861,0,41.76020408
G02,MRYGY18G0204033,38.99487179,0.653846154,7.624709744,0.0560249,0.504439047,0.499695723,0.504439047,0.499695723,78.31351088,NP,MRYGY17G010A333,MRYGY17G010B053,PD00,P10,162,1.19,42.01777778,0.381444444,11.52333333,7.834045556,0.6,0.0560249,0.490686182,0,38.99487179
G02,MRYGY18G0204033,38.99487179,0.653846154,7.624709744,0.0560249,0.504439047,0.499695723,0.504439047,0.499695723,78.31351088,NP,MRYGY17G010A333,MRYGY17G010B053,PD00,P11,148,1.23,36.40380952,0.377809524,11.07904762,7.445279048,0.7,0.0560249,0.490686182,0,38.99487179
G02,MRYGY18G0204041,43.42880435,0.613333333,7.056790761,-0.087798,0.503652757,0.493971966,0.503652757,0.493971966,65.58838607,NP,MRYGY17G010D493,MRYGY17G010B755,PD00,P10,172,1.34,43.12065217,0.376086957,11.70869565,6.909653261,0.613333333,-0.087798,0.433617633,0,43.42880435
G02,MRYGY18G0204041,43.42880435,0.613333333,7.056790761,-0.087798,0.503652757,0.493971966,0.503652757,0.493971966,65.58838607,NP,MRYGY17G010D493,MRYGY17G010B755,PD00,P11,158,1.38,43.73695652,0.436630435,11.57826087,7.203928261,0.613333333,-0.087798,0.433617633,0,43.42880435
G02,MRYGY18G0204051,45.47743902,0.57300813,7.533065244,-0.1085797,0.504312146,0.493145006,0.504312146,0.493145006,66.78643666,NP,MRYGY17G010A667,MRYGY17G010B416,PD00,P10,172,1.26,48.459375,0.425625,12.0640625,7.554226563,0.426666667,-0.1085797,0.425456748,0,45.47743902
G02,MRYGY18G0204051,45.47743902,0.57300813,7.533065244,-0.1085797,0.504312146,0.493145006,0.504312146,0.493145006,66.78643666,NP,MRYGY17G010A667,MRYGY17G010B416,PD00,P11,158,1.4,43.569,0.4349,11.57,7.519522,0.666666667,-0.1085797,0.425456748,0,45.47743902
G02,MRYGY18G0204052,38.99090909,0.476689977,6.216651049,-0.18191,0.502489561,0.490227327,0.502489561,0.490227327,54.71463222,NP,MRYGY17G010A667,MRYGY17G010B297,PD00,P10,165,1.02,38.09027778,0.343333333,11.125,5.884048611,0.48,-0.18191,0.396937022,0,38.99090909
G02,MRYGY18G0204052,38.99090909,0.476689977,6.216651049,-0.18191,0.502489561,0.490227327,0.502489561,0.490227327,54.71463222,NP,MRYGY17G010A667,MRYGY17G010B297,PD00,P11,151,1.34,39.90422535,0.409859155,11.20985915,6.553938028,0.473333333,-0.18191,0.396937022,0,38.99090909
G02,MRYGY18G0204071,47.09238095,0.700063492,8.217672381,0.1441629,0.50525993,0.50320351,0.50525993,0.50320351,87.44379289,NP,MRYGY17G010A768,MRYGY17G010F888,PD00,P10,169,1.31,49.41538462,0.4375,12.05961538,8.294909615,0.693333333,0.1441629,0.525829239,0,47.09238095
G02,MRYGY18G0204071,47.09238095,0.700063492,8.217672381,0.1441629,0.50525993,0.50320351,0.50525993,0.50320351,87.44379289,NP,MRYGY17G010A768,MRYGY17G010F888,PD00,P11,155,1.35,44.81320755,0.453113208,11.66424528,8.141892453,0.706666667,0.1441629,0.525829239,0,47.09238095
G02,MRYGY18G0204072,39.38666667,0.601851852,7.307695,-0.0737775,0.504000105,0.494529898,0.504000105,0.494529898,67.89219766,NP,MRYGY17G010A768,MRYGY17G010F709,PD00,P10,162,1.12,40.91882353,0.371882353,11.31294118,7.293043529,0.566666667,-0.0737775,0.439139678,0,39.38666667
G02,MRYGY18G0204072,39.38666667,0.601851852,7.307695,-0.0737775,0.504000105,0.494529898,0.504000105,0.494529898,67.89219766,NP,MRYGY17G010A768,MRYGY17G010F709,PD00,P11,148,1.35,38.01578947,0.394210526,11.05894737,7.320804211,0.633333333,-0.0737775,0.439139678,0,39.38666667
G02,MRYGY18G0204081,47.30696517,0.670149254,7.213068159,0.1478309,0.503869099,0.503349487,0.503869099,0.503349487,82.22592706,NP,MRYGY17G010A801,MRYGY17G010B561,PD00,P10,169,1.33,47.60098039,0.424705882,11.90098039,7.064438235,0.68,0.1478309,0.527289314,0,47.30696517
G02,MRYGY18G0204081,47.30696517,0.670149254,7.213068159,0.1478309,0.503869099,0.503349487,0.503869099,0.503349487,82.22592706,NP,MRYGY17G010A801,MRYGY17G010B561,PD00,P11,155,1.33,47.0040404,0.480606061,11.82020202,7.36620202,0.66,0.1478309,0.527289314,0,47.30696517
G02,MRYGY18G0204082,46.88883721,0.718542636,8.93112186,0.2349218,0.506247601,0.506815271,0.506247601,0.506815271,97.40432267,NP,MRYGY17G010A801,MRYGY17G010E617,PD00,P10,166,1.27,49.11470588,0.443431373,11.91372549,8.941119608,0.68,0.2349218,0.561805539,0,46.88883721
G02,MRYGY18G0204082,46.88883721,0.718542636,8.93112186,0.2349218,0.506247601,0.506815271,0.506247601,0.506815271,97.40432267,NP,MRYGY17G010A801,MRYGY17G010E617,PD00,P11,152,1.36,44.87964602,0.462920354,11.56460177,8.922097345,0.753333333,0.2349218,0.561805539,0,46.88883721
G02,MRYGY18G0204091,35.23564356,0.67339934,3.845259326,0.1172942,0.499206207,0.502134185,0.499206207,0.502134185,61.86254866,NP,MRYGY17G010D532,MRYGY17G010B099,PD00,P10,162,1.16,35.0127451,0.316862745,10.81176471,3.656213723,0.68,0.1172942,0.515124625,0,35.23564356
G02,MRYGY18G0204091,35.23564356,0.67339934,3.845259326,0.1172942,0.499206207,0.502134185,0.499206207,0.502134185,61.86254866,NP,MRYGY17G010D532,MRYGY17G010B099,PD00,P11,148,1.33,35.463,0.3671,10.906,4.038085842,0.666666667,0.1172942,0.515124625,0,35.23564356
G02,MRYGY18G0204092,30.64455959,0.648324698,3.281547141,0.1676806,0.498425707,0.504139447,0.498425707,0.504139447,62.17248507,NP,MRYGY17G010D532,MRYGY17G010E037,PD00,P10,155,0.99,31.86590909,0.293977273,10.57727273,3.330327339,0.586666667,0.1676806,0.535183781,0,30.64455959
G02,MRYGY18G0204092,30.64455959,0.648324698,3.281547141,0.1676806,0.498425707,0.504139447,0.498425707,0.504139447,62.17248507,NP,MRYGY17G010D532,MRYGY17G010E037,PD00,P11,141,1.1,29.62095238,0.313809524,10.2752381,3.24066469,0.7,0.1676806,0.535183781,0,30.64455959
G02,MRYGY18G0204101,48.18137255,0.680065359,6.574134804,0.0854632,0.502984506,0.500867346,0.502984506,0.500867346,74.57211205,NP,MRYGY17G010D045,MRYGY17G010B265,PD00,P10,179,1.44,50.91941748,0.442038835,12.02524272,6.662532039,0.686666667,0.0854632,0.502429504,0,48.18137255
G02,MRYGY18G0204101,48.18137255,0.680065359,6.574134804,0.0854632,0.502984506,0.500867346,0.502984506,0.500867346,74.57211205,NP,MRYGY17G010D045,MRYGY17G010B265,PD00,P11,165,1.45,45.38910891,0.448613861,11.61386139,6.483987129,0.673333333,0.0854632,0.502429504,0,48.18137255
G02,MRYGY18G0204102,47.31885714,0.595238095,8.221546286,0.0103441,0.505265286,0.497877673,0.505265286,0.497877673,78.49843459,NP,MRYGY17G010D045,MRYGY17G010E134,PD00,P10,174,1.26,47.91866667,0.420533333,11.87733333,8.098953333,0.5,0.0103441,0.472483188,0,47.31885714
G02,MRYGY18G0204102,47.31885714,0.595238095,8.221546286,0.0103441,0.505265286,0.497877673,0.505265286,0.497877673,78.49843459,NP,MRYGY17G010D045,MRYGY17G010E134,PD00,P11,160,1.39,46.869,0.4688,11.724,8.313491,0.666666667,0.0103441,0.472483188,0,47.31885714
G02,MRYGY18G0204103,47.31921182,0.677077176,8.141298522,0.0672035,0.505154206,0.500140624,0.505154206,0.500140624,81.87190502,NP,MRYGY17G010D045,MRYGY17G010E647,PD00,P10,172,1.09,47.99191919,0.422424242,11.92929293,8.087844444,0.66,0.0672035,0.495145072,0,47.31921182
G02,MRYGY18G0204103,47.31921182,0.677077176,8.141298522,0.0672035,0.505154206,0.500140624,0.505154206,0.500140624,81.87190502,NP,MRYGY17G010D045,MRYGY17G010E647,PD00,P11,158,1.1,46.67884615,0.470673077,11.89615385,8.192182692,0.693333333,0.0672035,0.495145072,0,47.31921182
G02,MRYGY18G0204111,34.38941799,0.636366843,2.134953375,0.0411286,0.496838227,0.499102862,0.496838227,0.499102862,47.45693096,NP,MRYGY17G010D071,MRYGY17G010E596,PD00,P10,168,1.09,33.14705882,0.294117647,10.63176471,1.612777766,0.566666667,0.0411286,0.484746291,0,34.38941799
G02,MRYGY18G0204111,34.38941799,0.636366843,2.134953375,0.0411286,0.496838227,0.499102862,0.496838227,0.499102862,47.45693096,NP,MRYGY17G010D071,MRYGY17G010E596,PD00,P11,154,1.3,35.40480769,0.359230769,10.89711538,2.561731517,0.693333333,0.0411286,0.484746291,0,34.38941799
G02,MRYGY18G0204112,26.56214953,0.735825545,1.033281201,0.1624486,0.495312967,0.50393123,0.495312967,0.50393123,49.59409447,NP,MRYGY17G010D071,MRYGY17G010B001,PD00,P10,160,0.76,25.44772727,0.233295455,9.821590909,0.746175877,0.586666667,0.1624486,0.533104167,0,26.56214953
G02,MRYGY18G0204112,26.56214953,0.735825545,1.033281201,0.1624486,0.495312967,0.50393123,0.495312967,0.50393123,49.59409447,NP,MRYGY17G010D071,MRYGY17G010B001,PD00,P11,146,0.98,27.34047619,0.286746032,10.11746032,1.233799205,0.84,0.1624486,0.533104167,0,26.56214953
G02,MRYGY18G0204121,38.65721649,0.647285223,7.461356186,-0.0391517,0.504212881,0.495907853,0.504212881,0.495907853,71.04793091,NP,MRYGY17G010D240,MRYGY17G010B131,PD00,P10,161,1.21,38.5606383,0.348829787,11.26170213,7.295793617,0.626666667,-0.0391517,0.452825844,0,38.65721649
G02,MRYGY18G0204121,38.65721649,0.647285223,7.461356186,-0.0391517,0.504212881,0.495907853,0.504212881,0.495907853,71.04793091,NP,MRYGY17G010D240,MRYGY17G010B131,PD00,P11,147,1.44,38.748,0.401,11.251,7.616985,0.666666667,-0.0391517,0.452825844,0,38.65721649
G02,MRYGY18G0204122,36.83157895,0.508859649,7.998118421,-0.0676125,0.504955978,0.494775232,0.504955978,0.494775232,72.06020957,NP,MRYGY17G010D240,MRYGY17G010E067,PD00,P10,152,1.13,38.45211268,0.358732394,11.21830986,8.106815493,0.473333333,-0.0676125,0.441571614,0.03125,36.83157895
G02,MRYGY18G0204122,36.83157895,0.508859649,7.998118421,-0.0676125,0.504955978,0.494775232,0.504955978,0.494775232,72.06020957,NP,MRYGY17G010D240,MRYGY17G010E067,PD00,P11,138,1.17,35.41111111,0.38037037,10.84320988,7.902840741,0.54,-0.0676125,0.441571614,0.03125,36.83157895
G02,MRYGY18G0204131,50.96864865,0.619711712,9.688065946,-0.0785359,0.507295462,0.49434054,0.507295462,0.49434054,80.51862334,NP,MRYGY17G010D245,MRYGY17G010F693,PD00,P10,177,1.65,50.80930233,0.443139535,12.15,9.374465116,0.573333333,-0.0785359,0.437264174,0,50.96864865
G02,MRYGY18G0204131,50.96864865,0.619711712,9.688065946,-0.0785359,0.507295462,0.49434054,0.507295462,0.49434054,80.51862334,NP,MRYGY17G010D245,MRYGY17G010F693,PD00,P11,163,1.87,51.10707071,0.507575758,12.01818182,9.960486869,0.66,-0.0785359,0.437264174,0,50.96864865
G02,MRYGY18G0204141,49.05123153,0.677471264,6.90484532,0.1162453,0.503442381,0.502092441,0.503442381,0.502092441,78.43332037,NP,MRYGY17G010D250,MRYGY17G010E353,PD00,P10,171,1.17,52.15714286,0.463367347,12.20306122,7.009153061,0.653333333,0.1162453,0.514706467,0,49.05123153
G02,MRYGY18G0204141,49.05123153,0.677471264,6.90484532,0.1162453,0.503442381,0.502092441,0.503442381,0.502092441,78.43332037,NP,MRYGY17G010D250,MRYGY17G010E353,PD00,P11,157,1.17,46.15238095,0.468571429,11.77333333,6.807491429,0.7,0.1162453,0.514706467,0,49.05123153
G02,MRYGY18G0204151,44.97193878,0.653401361,7.938860204,0.0344715,0.50487396,0.498837915,0.50487396,0.498837915,78.57781521,NP,MRYGY17G010D254,MRYGY17G010B726,PD00,P10,171,1.26,44.42929293,0.391717172,11.69494949,7.762670707,0.66,0.0344715,0.482092791,0,44.97193878
G02,MRYGY18G0204151,44.97193878,0.653401361,7.938860204,0.0344715,0.50487396,0.498837915,0.50487396,0.498837915,78.57781521,NP,MRYGY17G010D254,MRYGY17G010B726,PD00,P11,157,1.42,45.5257732,0.459175258,11.70515464,8.118682474,0.646666667,0.0344715,0.482092791,0,44.97193878
G02,MRYGY18G0204161,45.27117117,0.751771772,6.931642793,0.2117071,0.503479478,0.505891492,0.503479478,0.505891492,84.97500408,NP,MRYGY17G010D260,MRYGY17G010E309,PD00,P10,174,1.3,47.34329897,0.414639175,11.86185567,7.016517526,0.646666667,0.2117071,0.552639863,0,45.27117117
G02,MRYGY18G0204161,45.27117117,0.751771772,6.931642793,0.2117071,0.503479478,0.505891492,0.503479478,0.505891492,84.97500408,NP,MRYGY17G010D260,MRYGY17G010E309,PD00,P11,160,1.47,43.6632,0.4348,11.57792,6.86578,0.833333333,0.2117071,0.552639863,0,45.27117117
G02,MRYGY18G0204163,49.63944444,0.600074074,8.398531111,0.0397685,0.505510332,0.499048731,0.505510332,0.499048731,81.43260879,NP,MRYGY17G010D260,MRYGY17G010F872,PD00,P10,171,1.45,51.80337079,0.458539326,12.19775281,8.427286517,0.593333333,0.0397685,0.4842041,0,49.63944444
G02,MRYGY18G0204163,49.63944444,0.600074074,8.398531111,0.0397685,0.505510332,0.499048731,0.505510332,0.499048731,81.43260879,NP,MRYGY17G010D260,MRYGY17G010F872,PD00,P11,157,1.44,47.52307692,0.48021978,11.85384615,8.370407692,0.606666667,0.0397685,0.4842041,0,49.63944444
G02,MRYGY18G0204171,45.45962733,0.536853002,6.509935404,-0.0477412,0.502895616,0.495566022,0.502895616,0.495566022,65.29779318,NP,MRYGY17G010D305,MRYGY17G010E586,PD00,P10,181,1.67,47.28101266,0.407721519,11.88860759,6.578349367,0.526666667,-0.0477412,0.449424888,0,45.45962733
G02,MRYGY18G0204171,45.45962733,0.536853002,6.509935404,-0.0477412,0.502895616,0.495566022,0.502895616,0.495566022,65.29779318,NP,MRYGY17G010D305,MRYGY17G010E586,PD00,P11,167,1.72,43.70487805,0.428658537,11.58902439,6.44402439,0.546666667,-0.0477412,0.449424888,0,45.45962733
G02,MRYGY18G0204172,44.59032258,0.621792115,8.027773118,-0.0773592,0.504997036,0.494387366,0.504997036,0.494387366,71.56849959,NP,MRYGY17G010D305,MRYGY17G010F711,PD00,P10,169,1.28,47.375,0.422954545,11.91477273,8.095802273,0.586666667,-0.0773592,0.437727836,0,44.59032258
G02,MRYGY18G0204172,44.59032258,0.621792115,8.027773118,-0.0773592,0.504997036,0.494387366,0.504997036,0.494387366,71.56849959,NP,MRYGY17G010D305,MRYGY17G010F711,PD00,P11,155,1.42,42.08979592,0.428163265,11.52857143,7.966685714,0.653333333,-0.0773592,0.437727836,0,44.59032258
G02,MRYGY18G0204181,41.23136095,0.566666667,9.265564497,-0.0793773,0.506710659,0.494307057,0.506710659,0.494307057,78.16495623,NP,MRYGY17G010D343,MRYGY17G010E204,PD00,P10,160,1.32,42.61868132,0.389340659,11.62197802,9.280267033,0.606666667,-0.0793773,0.436932685,0,41.23136095
G02,MRYGY18G0204181,41.23136095,0.566666667,9.265564497,-0.0793773,0.506710659,0.494307057,0.506710659,0.494307057,78.16495623,NP,MRYGY17G010D343,MRYGY17G010E204,PD00,P11,146,1.53,39.61282051,0.413846154,11.39358974,9.248411538,0.52,-0.0793773,0.436932685,0,41.23136095
G02,MRYGY18G0204182,40.42393617,0.627304965,7.668735106,0.082235,0.504499944,0.500738866,0.504499944,0.500738866,80.30893664,NP,MRYGY17G010D343,MRYGY17G010C416,PD00,P10,161,1.34,44.39120879,0.402087912,11.61208791,8.034683516,0.606666667,0.082235,0.501141652,0,40.42393617
G02,MRYGY18G0204182,40.42393617,0.627304965,7.668735106,0.082235,0.504499944,0.500738866,0.504499944,0.500738866,80.30893664,NP,MRYGY17G010D343,MRYGY17G010C416,PD00,P11,147,1.6,36.70206186,0.377113402,10.90206186,7.32542268,0.646666667,0.082235,0.501141652,0,40.42393617
G02,MRYGY18G0205011,40.81201923,0.701089744,6.511673558,0.0964528,0.502898036,0.501304722,0.502898036,0.501304722,74.96878349,NP,MRYGY17G010D372,MRYGY17G010E628,PD00,P10,172,1.14,42.01075269,0.368817204,11.51075269,6.441034409,0.62,0.0964528,0.506813403,0,40.81201923
G02,MRYGY18G0205011,40.81201923,0.701089744,6.511673558,0.0964528,0.502898036,0.501304722,0.502898036,0.501304722,74.96878349,NP,MRYGY17G010D372,MRYGY17G010E628,PD00,P11,158,1.27,39.8426087,0.397304348,11.2026087,6.56879913,0.766666667,0.0964528,0.506813403,0,40.81201923
G02,MRYGY18G0205012,34.15,0.689838188,5.738191748,0.0958921,0.501827112,0.501282407,0.501827112,0.501282407,70.72428101,NP,MRYGY17G010D372,MRYGY17G010B089,PD00,P10,158,1.15,36.44818182,0.333,11.12454545,5.826326364,0.733333333,0.0958921,0.506589748,0.03125,34.15
G02,MRYGY18G0205012,34.15,0.689838188,5.738191748,0.0958921,0.501827112,0.501282407,0.501827112,0.501282407,70.72428101,NP,MRYGY17G010D372,MRYGY17G010B089,PD00,P11,144,1.23,31.51666667,0.329166667,10.61354167,5.637204167,0.64,0.0958921,0.506589748,0.03125,34.15
G02,MRYGY18G0205021,38.23791469,0.705244866,4.839673004,0.1205289,0.500583043,0.502262922,0.500583043,0.502262922,67.48794006,NP,MRYGY17G010D422,MRYGY17G010E138,PD00,P10,171,1.12,39.104,0.3456,11.175,4.626439992,0.666666667,0.1205289,0.516414075,0,38.23791469
G02,MRYGY18G0205021,38.23791469,0.705244866,4.839673004,0.1205289,0.500583043,0.502262922,0.500583043,0.502262922,67.48794006,NP,MRYGY17G010D422,MRYGY17G010E138,PD00,P11,157,1.57,37.45765766,0.373783784,10.99459459,5.031774816,0.74,0.1205289,0.516414075,0,38.23791469
G02,MRYGY18G0205022,45.78058252,0.690809061,5.734921845,0.1433901,0.501822583,0.503172754,0.501822583,0.503172754,73.88901143,NP,MRYGY17G010D422,MRYGY17G010E847,PD00,P10,172,1.05,50.07789474,0.441789474,12.08,5.845073684,0.633333333,0.1433901,0.525521575,0,45.78058252
G02,MRYGY18G0205022,45.78058252,0.690809061,5.734921845,0.1433901,0.501822583,0.503172754,0.501822583,0.503172754,73.88901143,NP,MRYGY17G010D422,MRYGY17G010E847,PD00,P11,158,1.13,42.1027027,0.422072072,11.46666667,5.640647748,0.74,0.1433901,0.525521575,0,45.78058252
G02,MRYGY18G0205031,38.10625,0.533416667,9.06283375,-0.1150016,0.50642991,0.492889469,0.50642991,0.492889469,74.67548168,NP,MRYGY17G010D475,MRYGY17G010F791,PD00,P10,153,1.26,40.56582278,0.374177215,11.29367089,9.266091139,0.526666667,-0.1150016,0.422941171,0,38.10625
G02,MRYGY18G0205031,38.10625,0.533416667,9.06283375,-0.1150016,0.50642991,0.492889469,0.50642991,0.492889469,74.67548168,NP,MRYGY17G010D475,MRYGY17G010F791,PD00,P11,139,1.3,35.70740741,0.378148148,10.81481481,8.864595062,0.54,-0.1150016,0.422941171,0,38.10625
G02,MRYGY18G0205061,36.44044944,0.594531835,6.874686517,-0.0814998,0.503400627,0.494222595,0.503400627,0.494222595,65.0198887,NP,MRYGY17G010D528,MRYGY17G010B700,PD00,P10,160,1.26,38.14946237,0.345053763,11.1655914,6.885636559,0.62,-0.0814998,0.436096675,0,36.44044944
G02,MRYGY18G0205061,36.44044944,0.594531835,6.874686517,-0.0814998,0.503400627,0.494222595,0.503400627,0.494222595,65.0198887,NP,MRYGY17G010D528,MRYGY17G010B700,PD00,P11,146,1.44,34.57058824,0.356470588,10.83529412,6.862705882,0.566666667,-0.0814998,0.436096675,0,36.44044944
G02,MRYGY18G0205062,37.88325123,0.67681445,6.881333498,0.1316246,0.503409809,0.502704512,0.503409809,0.502704512,79.33582876,NP,MRYGY17G010D528,MRYGY17G010B270,PD00,P10,160,1.48,40.0631068,0.36368932,11.34174757,7.049248544,0.686666667,0.1316246,0.520835771,0,37.88325123
G02,MRYGY18G0205062,37.88325123,0.67681445,6.881333498,0.1316246,0.503409809,0.502704512,0.503409809,0.502704512,79.33582876,NP,MRYGY17G010D528,MRYGY17G010B270,PD00,P11,146,1.57,35.638,0.3706,10.821,6.708381,0.666666667,0.1316246,0.520835771,0,37.88325123
G02,MRYGY18G0205081,44.67378641,0.686925566,9.508766019,0.1280597,0.507047283,0.502562635,0.507047283,0.502562635,93.38613741,NP,MRYGY17G010F022,MRYGY17G010E672,PD00,P10,167,1.33,46.1,0.410666667,11.75333333,9.540132381,0.7,0.1280597,0.519415393,0,44.67378641
G02,MRYGY18G0205081,44.67378641,0.686925566,9.508766019,0.1280597,0.507047283,0.502562635,0.507047283,0.502562635,93.38613741,NP,MRYGY17G010F022,MRYGY17G010E672,PD00,P11,153,1.26,43.19108911,0.441881188,11.54455446,9.476157426,0.673333333,0.1280597,0.519415393,0,44.67378641
G02,MRYGY18G0205082,47.27931034,0.581226054,10.65057759,-0.0447244,0.508627772,0.495686079,0.508627772,0.495686079,88.01766778,NP,MRYGY17G010F022,MRYGY17G010B734,PD00,P10,163,1.27,50.1060241,0.456024096,12.06144578,10.79058072,0.553333333,-0.0447244,0.45061896,0,47.27931034
G02,MRYGY18G0205082,47.27931034,0.581226054,10.65057759,-0.0447244,0.508627772,0.495686079,0.508627772,0.495686079,88.01766778,NP,MRYGY17G010F022,MRYGY17G010B734,PD00,P11,149,1.54,44.7010989,0.464065934,11.62197802,10.52288242,0.606666667,-0.0447244,0.45061896,0,47.27931034
G02,MRYGY18G0205101,33.19836066,0.616575592,6.371546995,0.0114091,0.502704003,0.497920058,0.502704003,0.497920058,68.50825333,NP,MRYGY17G010F191,MRYGY17G010E005,PD00,P10,155,0.88,33.55365854,0.310853659,10.70731707,6.238664634,0.546666667,0.0114091,0.472907066,0,33.19836066
G02,MRYGY18G0205101,33.19836066,0.616575592,6.371546995,0.0114091,0.502704003,0.497920058,0.502704003,0.497920058,68.50825333,NP,MRYGY17G010F191,MRYGY17G010E005,PD00,P11,141,1.06,32.90990099,0.349405941,10.75346535,6.479431683,0.673333333,0.0114091,0.472907066,0,33.19836066
G02,MRYGY18G0205111,45.09562842,0.612204007,4.39759291,0.1046647,0.499970952,0.501631547,0.499970952,0.501631547,64.02048905,NP,MRYGY17G010F224,MRYGY17G010C157,PD00,P10,180,1.38,46.74069767,0.405116279,11.71046512,4.39515817,0.573333333,0.1046647,0.510088733,0,45.09562842
G02,MRYGY18G0205111,45.09562842,0.612204007,4.39759291,0.1046647,0.499970952,0.501631547,0.499970952,0.501631547,64.02048905,NP,MRYGY17G010F224,MRYGY17G010C157,PD00,P11,166,1.98,43.6371134,0.425360825,11.40309278,4.399751546,0.646666667,0.1046647,0.510088733,0,45.09562842
G02,MRYGY18G0205112,34.29414894,0.630141844,5.065050532,0.0679611,0.500895091,0.500170776,0.500895091,0.500170776,65.1914954,NP,MRYGY17G010F224,MRYGY17G010B348,PD00,P10,157,0.9,35.43563218,0.325632184,10.80574713,5.054426437,0.58,0.0679611,0.49544729,0,34.29414894
G02,MRYGY18G0205112,34.29414894,0.630141844,5.065050532,0.0679611,0.500895091,0.500170776,0.500895091,0.500170776,65.1914954,NP,MRYGY17G010F224,MRYGY17G010B348,PD00,P11,143,0.96,33.31089109,0.351485149,10.61584158,5.07420198,0.673333333,0.0679611,0.49544729,0,34.29414894
G02,MRYGY18G0205121,42.23417085,0.672194305,7.994709548,0.0682387,0.504951272,0.500181824,0.504951272,0.500181824,81.14407995,NP,MRYGY17G010F250,MRYGY17G010B095,PD00,P10,167,1.06,44.14431818,0.395909091,11.71477273,7.997917045,0.586666667,0.0682387,0.495558029,0,42.23417085
G02,MRYGY18G0205121,42.23417085,0.672194305,7.994709548,0.0682387,0.504951272,0.500181824,0.504951272,0.500181824,81.14407995,NP,MRYGY17G010F250,MRYGY17G010B095,PD00,P11,153,1.16,40.71981982,0.416396396,11.38018018,7.992166667,0.74,0.0682387,0.495558029,0,42.23417085
G02,MRYGY18G0205122,41.13987342,0.526751055,9.139833544,-0.0306281,0.506536575,0.496247066,0.506536575,0.496247066,80.74723007,NP,MRYGY17G010F250,MRYGY17G010E595,PD00,P10,158,1.26,41.9025,0.383875,11.4925,9.12012625,0.533333333,-0.0306281,0.456204132,0,41.13987342
G02,MRYGY18G0205122,41.13987342,0.526751055,9.139833544,-0.0306281,0.506536575,0.496247066,0.506536575,0.496247066,80.74723007,NP,MRYGY17G010F250,MRYGY17G010E595,PD00,P11,144,1.27,40.35769231,0.42525641,11.37051282,9.160046154,0.52,-0.0306281,0.456204132,0,41.13987342
G02,MRYGY18G0205131,51.39692308,0.650017094,12.02751846,0.022373,0.510533588,0.498356407,0.510533588,0.498356407,100,NP,MRYGY17G010F294,MRYGY17G010E027,PD00,P10,169,1.45,54.54020619,0.48742268,12.32680412,12.16982371,0.646666667,0.022373,0.477272478,0,51.39692308
G02,MRYGY18G0205131,51.39692308,0.650017094,12.02751846,0.022373,0.510533588,0.498356407,0.510533588,0.498356407,100,NP,MRYGY17G010F294,MRYGY17G010E027,PD00,P11,155,1.4,48.28571429,0.493877551,11.92244898,11.88666531,0.653333333,0.022373,0.477272478,0,51.39692308
G02,MRYGY18G0205132,39.30561224,0.661564626,9.828271939,0.0031447,0.50748956,0.497591147,0.50748956,0.497591147,86.75371476,NP,MRYGY17G010F294,MRYGY17G010B674,PD00,P10,156,1.22,40.15747126,0.371034483,11.28965517,9.810745977,0.58,0.0031447,0.469618615,0,39.30561224
G02,MRYGY18G0205132,39.30561224,0.661564626,9.828271939,0.0031447,0.50748956,0.497591147,0.50748956,0.497591147,86.75371476,NP,MRYGY17G010F294,MRYGY17G010B674,PD00,P11,142,1.43,38.62568807,0.408440367,11.19816514,9.84226055,0.726666667,0.0031447,0.469618615,0,39.30561224
G02,MRYGY18G0205141,43.53410405,0.57761079,9.438852023,0.0170918,0.506950513,0.498146222,0.506950513,0.498146222,85.57067057,NP,MRYGY17G010F184,MRYGY17G010F774,PD00,P10,164,1.26,44.32168675,0.399036145,11.6686747,9.353459036,0.553333333,0.0170918,0.47516933,0,43.53410405
G02,MRYGY18G0205141,43.53410405,0.57761079,9.438852023,0.0170918,0.506950513,0.498146222,0.506950513,0.498146222,85.57067057,NP,MRYGY17G010F184,MRYGY17G010F774,PD00,P11,150,1.47,42.80777778,0.440111111,11.49222222,9.517603333,0.6,0.0170918,0.47516933,0,43.53410405
G02,MRYGY18G0205142,39.63240223,0.612327747,7.704593296,0.012522,0.504549618,0.49796435,0.504549618,0.49796435,75.8329877,NP,MRYGY17G010F184,MRYGY17G010F743,PD00,P10,164,1.22,42.40533333,0.384933333,11.56533333,7.789993333,0.5,0.012522,0.473350042,0,39.63240223
G02,MRYGY18G0205142,39.63240223,0.612327747,7.704593296,0.012522,0.504549618,0.49796435,0.504549618,0.49796435,75.8329877,NP,MRYGY17G010F184,MRYGY17G010F743,PD00,P11,150,1.28,37.63269231,0.390384615,11.06730769,7.643006731,0.693333333,0.012522,0.473350042,0,39.63240223
G02,MRYGY18G0205151,35.96760563,0.710766823,5.387167136,0.1820314,0.501341091,0.504710554,0.501341091,0.504710554,74.58654385,NP,MRYGY17G010F425,MRYGY17G010B288,PD00,P10,160,1.14,36.26213592,0.330776699,11.0038835,5.375956311,0.686666667,0.1820314,0.540882835,0,35.96760563
G02,MRYGY18G0205151,35.96760563,0.710766823,5.387167136,0.1820314,0.501341091,0.504710554,0.501341091,0.504710554,74.58654385,NP,MRYGY17G010F425,MRYGY17G010B288,PD00,P11,146,1.23,35.69181818,0.375181818,10.88909091,5.397664545,0.733333333,0.1820314,0.540882835,0,35.96760563
G02,MRYGY18G0205161,48.36790123,0.542057613,7.955251852,-0.0098,0.504896635,0.497075972,0.504896635,0.497075972,75.70053903,NP,MRYGY17G010A084,MRYGY17G010B067,PD00,P10,179,1.49,47.87763158,0.414210526,11.94342105,7.810784211,0.506666667,-0.0098,0.464472092,0,48.36790123
G02,MRYGY18G0205161,48.36790123,0.542057613,7.955251852,-0.0098,0.504896635,0.497075972,0.504896635,0.497075972,75.70053903,NP,MRYGY17G010A084,MRYGY17G010B067,PD00,P11,165,1.7,48.80116279,0.481046512,11.89418605,8.08292093,0.573333333,-0.0098,0.464472092,0,48.36790123
G02,MRYGY18G0205172,30.62864865,0.618846847,4.799495135,0.0738163,0.500527419,0.500403808,0.500527419,0.500403808,64.1394885,NP,MRYGY17G010A131,MRYGY17G010B621,PD00,P10,156,1.13,30.63908046,0.280804598,10.50804598,4.677833333,0.58,0.0738163,0.497783089,0,30.62864865
G02,MRYGY18G0205172,30.62864865,0.618846847,4.799495135,0.0738163,0.500527419,0.500403808,0.500527419,0.500403808,64.1394885,NP,MRYGY17G010A131,MRYGY17G010B621,PD00,P11,142,1.22,30.61938776,0.322959184,10.43163265,4.90750102,0.653333333,0.0738163,0.497783089,0,30.62864865
G02,MRYGY18G0205181,41.79948718,0.525470085,5.641098718,-0.0566241,0.501692671,0.495212519,0.501692671,0.495212519,59.97709475,NP,MRYGY17G010D223,MRYGY17G010B601,PD00,P10,168,1.44,44.17571429,0.392142857,11.64285714,5.63905,0.466666667,-0.0566241,0.445911668,0,41.79948718
G02,MRYGY18G0205181,41.79948718,0.525470085,5.641098718,-0.0566241,0.501692671,0.495212519,0.501692671,0.495212519,59.97709475,NP,MRYGY17G010D223,MRYGY17G010B601,PD00,P11,154,1.49,39.86534884,0.403604651,11.26627907,5.642766279,0.573333333,-0.0566241,0.445911668,0,41.79948718
G02,MRYGY18G0205182,39.70439024,0.683349593,5.06344633,0.1675766,0.500892875,0.504135308,0.500892875,0.504135308,71.85734245,NP,MRYGY17G010D223,MRYGY17G010F788,PD00,P10,168,1.27,41.59901961,0.370490196,11.48235294,5.182313703,0.68,0.1675766,0.535142453,0,39.70439024
G02,MRYGY18G0205182,39.70439024,0.683349593,5.06344633,0.1675766,0.500892875,0.504135308,0.500892875,0.504135308,71.85734245,NP,MRYGY17G010D223,MRYGY17G010F788,PD00,P11,154,1.44,37.82815534,0.382912621,11.0961165,4.94573301,0.686666667,0.1675766,0.535142453,0,39.70439024
G02,MRYGY18G0206011,31.12780749,0.634474153,5.548827273,0.1221042,0.501564918,0.502325616,0.501564918,0.502325616,71.45060927,NP,MRYGY17G010A173,MRYGY17G010E835,PD00,P10,152,1,30.94938272,0.288148148,10.34814815,5.341217284,0.54,0.1221042,0.517041976,0.0625,31.12780749
G02,MRYGY18G0206011,31.12780749,0.634474153,5.548827273,0.1221042,0.501564918,0.502325616,0.501564918,0.502325616,71.45060927,NP,MRYGY17G010A173,MRYGY17G010E835,PD00,P11,138,1.1,31.26415094,0.33509434,10.53773585,5.707472642,0.706666667,0.1221042,0.517041976,0.0625,31.12780749
G02,MRYGY18G0206012,31.26954545,0.733393939,3.3563348,0.2014615,0.498529254,0.505483777,0.498529254,0.505483777,64.84251964,NP,MRYGY17G010A173,MRYGY17G010C180,PD00,P10,156,1.16,33.02568807,0.303761468,10.72568807,3.448679076,0.726666667,0.2014615,0.548585416,0,31.26954545
G02,MRYGY18G0206012,31.26954545,0.733393939,3.3563348,0.2014615,0.498529254,0.505483777,0.498529254,0.505483777,64.84251964,NP,MRYGY17G010A173,MRYGY17G010C180,PD00,P11,142,1.15,29.54504505,0.311531532,10.31891892,3.265654386,0.74,0.2014615,0.548585416,0,31.26954545
G02,MRYGY18G0206031,35.67524752,0.686270627,6.773277723,0.0955526,0.503260226,0.501268895,0.503260226,0.501268895,76.33126179,NP,MRYGY17G010A726,MRYGY17G010E811,PD00,P10,156,1.08,37.34712644,0.344827586,11.14942529,6.817593103,0.58,0.0955526,0.506454325,0,35.67524752
G02,MRYGY18G0206031,35.67524752,0.686270627,6.773277723,0.0955526,0.503260226,0.501268895,0.503260226,0.501268895,76.33126179,NP,MRYGY17G010A726,MRYGY17G010E811,PD00,P11,142,1.18,34.41043478,0.364782609,10.82173913,6.739752174,0.766666667,0.0955526,0.506454325,0,35.67524752
G02,MRYGY18G0206041,46.36179245,0.708238994,6.956528302,0.1455343,0.503513928,0.503258088,0.503513928,0.503258088,80.67682416,NP,MRYGY17G010D344,MRYGY17G010B055,PD00,P10,171,1.24,47.58910891,0.421683168,11.8950495,6.804615842,0.673333333,0.1455343,0.526375177,0,46.36179245
G02,MRYGY18G0206041,46.36179245,0.708238994,6.956528302,0.1455343,0.503513928,0.503258088,0.503513928,0.503258088,80.67682416,NP,MRYGY17G010D344,MRYGY17G010B055,PD00,P11,157,1.44,45.24504505,0.456756757,11.76936937,7.094754955,0.74,0.1455343,0.526375177,0,46.36179245
G02,MRYGY18G0206051,41.42205882,0.680588235,5.644277408,0.0980482,0.501697072,0.501368218,0.501697072,0.501368218,70.35790817,NP,MRYGY17G010A751,MRYGY17G010B672,PD00,P10,169,1.25,42.98686869,0.38010101,11.4040404,5.626223143,0.66,0.0980482,0.507449774,0,41.42205882
G02,MRYGY18G0206051,41.42205882,0.680588235,5.644277408,0.0980482,0.501697072,0.501368218,0.501697072,0.501368218,70.35790817,NP,MRYGY17G010A751,MRYGY17G010B672,PD00,P11,155,1.31,39.94666667,0.402190476,11.22571429,5.6613,0.7,0.0980482,0.507449774,0,41.42205882
G02,MRYGY18G0206052,40.3124424,0.724086022,6.285983871,0.0964534,0.502585536,0.501304746,0.502585536,0.501304746,73.74122046,NP,MRYGY17G010A751,MRYGY17G010B766,PD00,P10,168,1.27,39.17333333,0.34752381,11.2647619,5.984124762,0.7,0.0964534,0.506813643,0,40.3124424
G02,MRYGY18G0206052,40.3124424,0.724086022,6.285983871,0.0964534,0.502585536,0.501304746,0.502585536,0.501304746,73.74122046,NP,MRYGY17G010A751,MRYGY17G010B766,PD00,P11,154,1.42,41.38035714,0.420982143,11.26428571,6.568976786,0.746666667,0.0964534,0.506813643,0,40.3124424
G02,MRYGY18G0206061,41.89761905,0.700063492,6.167927619,0.1856255,0.502422096,0.504853583,0.502422096,0.504853583,79.07387746,NP,MRYGY17G010A766,MRYGY17G010E263,PD00,P10,169,1.29,42.01698113,0.373301887,11.43490566,6.095053774,0.706666667,0.1856255,0.542308872,0,41.89761905
G02,MRYGY18G0206061,41.89761905,0.700063492,6.167927619,0.1856255,0.502422096,0.504853583,0.502422096,0.504853583,79.07387746,NP,MRYGY17G010A766,MRYGY17G010E263,PD00,P11,155,1.42,41.77596154,0.425096154,11.36538462,6.242202885,0.693333333,0.1856255,0.542308872,0,41.89761905
G02,MRYGY18G0206071,39.831,0.667733333,7.821236,0.0519021,0.504711116,0.499531639,0.504711116,0.499531639,79.10603811,NP,MRYGY17G010D307,MRYGY17G010E532,PD00,P10,170,1.35,44.24583333,0.390833333,11.778125,8.121967708,0.64,0.0519021,0.489041955,0,39.831
G02,MRYGY18G0206071,39.831,0.667733333,7.821236,0.0519021,0.504711116,0.499531639,0.504711116,0.499531639,79.10603811,NP,MRYGY17G010D307,MRYGY17G010E532,PD00,P11,156,1.32,35.75576923,0.358942308,10.97692308,7.5436375,0.693333333,0.0519021,0.489041955,0,39.831
G02,MRYGY18G0206072,40.9589372,0.690144928,7.894058454,0.1791783,0.504811943,0.504597012,0.504811943,0.504597012,88.03000977,NP,MRYGY17G010D307,MRYGY17G010B421,PD00,P10,166,1.33,43.62647059,0.392058824,11.6127451,8.045298039,0.68,0.1791783,0.539750431,0,40.9589372
G02,MRYGY18G0206072,40.9589372,0.690144928,7.894058454,0.1791783,0.504811943,0.504597012,0.504811943,0.504597012,88.03000977,NP,MRYGY17G010D307,MRYGY17G010B421,PD00,P11,152,1.36,38.36761905,0.393904762,11.15619048,7.74714,0.7,0.1791783,0.539750431,0,40.9589372
G02,MRYGY18G0206082,39.11363636,0.516450216,6.121078571,-0.0547664,0.502357215,0.495286447,0.502357215,0.495286447,62.71209787,NP,MRYGY17G010D697,MRYGY17G010B139,PD00,P10,164,1.35,40.54819277,0.362650602,11.32650602,6.134914458,0.553333333,-0.0547664,0.446646054,0,39.11363636
G02,MRYGY18G0206082,39.11363636,0.516450216,6.121078571,-0.0547664,0.502357215,0.495286447,0.502357215,0.495286447,62.71209787,NP,MRYGY17G010D697,MRYGY17G010B139,PD00,P11,150,1.46,37.43661972,0.382957746,11.07183099,6.104904225,0.473333333,-0.0547664,0.446646054,0,39.11363636
G02,MRYGY18G0206083,36.44166667,0.600074074,6.433293333,-0.0106109,0.502789487,0.4970437,0.502789487,0.4970437,67.36865482,NP,MRYGY17G010D697,MRYGY17G010E673,PD00,P10,160,1.36,40.47362637,0.369010989,11.32747253,6.782203297,0.606666667,-0.0106109,0.464149885,0,36.44166667
G02,MRYGY18G0206083,36.44166667,0.600074074,6.433293333,-0.0106109,0.502789487,0.4970437,0.502789487,0.4970437,67.36865482,NP,MRYGY17G010D697,MRYGY17G010E673,PD00,P11,146,1.34,32.31910112,0.336629213,10.57977528,6.076542697,0.593333333,-0.0106109,0.464149885,0,36.44166667
G02,MRYGY18G0206121,44.44736842,0.760526316,6.36550614,0.1905807,0.50269565,0.505050777,0.50269565,0.505050777,80.48047768,NP,MRYGY17G010F063,MRYGY17G010E109,PD00,P10,169,1.24,46.7990991,0.414504505,11.78468468,6.337164865,0.74,0.1905807,0.544274058,0,44.44736842
G02,MRYGY18G0206121,44.44736842,0.760526316,6.36550614,0.1905807,0.50269565,0.505050777,0.50269565,0.505050777,80.48047768,NP,MRYGY17G010F063,MRYGY17G010E109,PD00,P11,155,1.42,42.21623932,0.424871795,11.42735043,6.392394017,0.78,0.1905807,0.544274058,0,44.44736842
G02,MRYGY18G0206141,46.87546012,0.549243354,6.68666428,0.0070042,0.503140316,0.497744749,0.503140316,0.497744749,69.92708676,NP,MRYGY17G010A045,MRYGY17G010B665,PD00,P10,179,1.49,52.04794521,0.451643836,12.22465753,6.805409589,0.486666667,0.0070042,0.471154087,0,46.87546012
G02,MRYGY18G0206141,46.87546012,0.549243354,6.68666428,0.0070042,0.503140316,0.497744749,0.503140316,0.497744749,69.92708676,NP,MRYGY17G010A045,MRYGY17G010B665,PD00,P11,165,1.64,42.68,0.418444444,11.58777778,6.59034864,0.6,0.0070042,0.471154087,0,46.87546012
G02,MRYGY18G0206151,37.19223301,0.687249191,4.353431331,0.1421937,0.499909805,0.50312514,0.499909805,0.50312514,66.29484358,NP,MRYGY17G010A067,MRYGY17G010C425,PD00,P10,165,1.31,38.3490566,0.343301887,11.18207547,4.351455424,0.706666667,0.1421937,0.525045239,0,37.19223301
G02,MRYGY18G0206151,37.19223301,0.687249191,4.353431331,0.1421937,0.499909805,0.50312514,0.499909805,0.50312514,66.29484358,NP,MRYGY17G010A067,MRYGY17G010C425,PD00,P11,151,1.2,35.966,0.3697,10.888,4.355525793,0.666666667,0.1421937,0.525045239,0,37.19223301
G02,MRYGY18G0206152,38.5359375,0.641111111,4.990825826,0.045537,0.500792326,0.499278313,0.500792326,0.499278313,63.28528152,NP,MRYGY17G010A067,MRYGY17G010E346,PD00,P10,163,1.36,42.279,0.3789,11.46,5.240451818,0.666666667,0.045537,0.486503845,0,38.5359375
G02,MRYGY18G0206152,38.5359375,0.641111111,4.990825826,0.045537,0.500792326,0.499278313,0.500792326,0.499278313,63.28528152,NP,MRYGY17G010A067,MRYGY17G010E346,PD00,P11,149,1.16,34.4673913,0.354782609,10.77608696,4.719493225,0.613333333,0.045537,0.486503845,0,38.5359375
G02,MRYGY18G0206161,42.36524064,0.636327986,8.531022995,0.1030815,0.505693762,0.501568538,0.505693762,0.501568538,86.39544222,NP,MRYGY17G010A108,MRYGY17G010B814,PD00,P10,165,1.26,46.25,0.416625,11.82625,8.76835375,0.533333333,0.1030815,0.509457317,0,42.36524064
G02,MRYGY18G0206161,42.36524064,0.636327986,8.531022995,0.1030815,0.505693762,0.501568538,0.505693762,0.501568538,86.39544222,NP,MRYGY17G010A108,MRYGY17G010B814,PD00,P11,151,1.31,39.46074766,0.405700935,11.32149533,8.353579439,0.713333333,0.1030815,0.509457317,0,42.36524064
G02,MRYGY18G0206171,48.94895833,0.6425,9.201367708,0.0783076,0.506621722,0.500582559,0.506621722,0.500582559,88.38080455,NP,MRYGY17G010A151,MRYGY17G010B560,PD00,P10,165,1.32,50.68888889,0.456888889,12.00666667,9.297997778,0.6,0.0783076,0.499574847,0,48.94895833
G02,MRYGY18G0206171,48.94895833,0.6425,9.201367708,0.0783076,0.506621722,0.500582559,0.506621722,0.500582559,88.38080455,NP,MRYGY17G010A151,MRYGY17G010B560,PD00,P11,151,1.48,47.41372549,0.488529412,11.76568627,9.116105882,0.68,0.0783076,0.499574847,0,48.94895833
G02,MRYGY18G0206172,40.25939086,0.659526227,7.563890355,0.0603266,0.504354831,0.499866928,0.504354831,0.499866928,78.27092044,NP,MRYGY17G010A151,MRYGY17G010B702,PD00,P10,162,1.26,43.17282609,0.39173913,11.61521739,7.724552174,0.613333333,0.0603266,0.492401925,0,40.25939086
G02,MRYGY18G0206172,40.25939086,0.659526227,7.563890355,0.0603266,0.504354831,0.499866928,0.504354831,0.499866928,78.27092044,NP,MRYGY17G010A151,MRYGY17G010B702,PD00,P11,148,1.24,37.70666667,0.392857143,11.17142857,7.42312,0.7,0.0603266,0.492401925,0,40.25939086
G02,MRYGY18G0206182,38.76341463,0.689203252,7.483860488,0.0436844,0.504244032,0.499204581,0.504244032,0.499204581,76.72055776,NP,MRYGY17G010D237,MRYGY17G010B464,PD00,P10,162,1.5,40.11071429,0.357857143,11.36875,7.540266071,0.746666667,0.0436844,0.485765211,0,38.76341463
G02,MRYGY18G0206182,38.76341463,0.689203252,7.483860488,0.0436844,0.504244032,0.499204581,0.504244032,0.499204581,76.72055776,NP,MRYGY17G010D237,MRYGY17G010B464,PD00,P11,148,1.64,37.14086022,0.377849462,11.04946237,7.415931183,0.62,0.0436844,0.485765211,0,38.76341463
G02,MRYGY18G0206184,34.02392638,0.54793456,7.425823313,-0.0822485,0.504163666,0.494192801,0.504163666,0.494192801,67.96719201,NP,MRYGY17G010D237,MRYGY17G010E830,PD00,P10,151,1.03,34.42432432,0.321891892,10.74054054,7.375436486,0.493333333,-0.0822485,0.435801845,0,34.02392638
G02,MRYGY18G0206184,34.02392638,0.54793456,7.425823313,-0.0822485,0.504163666,0.494192801,0.504163666,0.494192801,67.96719201,NP,MRYGY17G010D237,MRYGY17G010E830,PD00,P11,137,1.07,33.69101124,0.36247191,10.67977528,7.467717978,0.593333333,-0.0822485,0.435801845,0,34.02392638
